
Insert into Teams Values ('DePaul', 'Blue Demons', 5, 2, 14, 13, 0);
Insert into Teams Values ('Connecticut', 'Huskies', 15, 11, 8, 6, 4);
Insert into Teams Values ('Marquette', 'Golden Eagles', 13, 8, 14, 11, 1);
Insert into Teams Values ('Creighton', 'Blue Jays', 22, 14, 9, 6, 0);
Insert into Teams Values ('Providence', 'Friars', 13, 9, 13, 10, 0);
insert into teams values('Georgetown','Hoyas', 13, 7, 13, 9, 1);
insert into teams values('Villanova','Wildcats', 18, 11, 7, 4, 3);
insert into teams values('Butler','Bulldogs', 10, 8, 15, 12, 3);
insert into teams values('Seton Hall','Pirates', 14, 10, 13, 9, 1);
insert into teams values('St. Johns','Red Storm', 16, 10, 11, 9, 2);
insert into teams values('Xavier','Muskateers', 13, 6, 8, 7, 3);

Insert into Coaches Values('Shaka', 'Smart', 278, 143, 'Head', 'Marquette');
Insert into Coaches Values('Neil', 'Berry', Null, NULL, 'Assistant', 'Marquette');
Insert into Coaches Values('Cody', 'Hatt', Null, NULL, 'Assistant', 'Marquette');
Insert into Coaches Values('DeAndre', 'Hanes', Null, NULL, 'Assistant', 'Marquette');
Insert into Coaches Values('Carl', 'Richburg', Null, NULL, 'Recruiting', 'Marquette');

Insert into Coaches Values('Tony', 'Stubblefield', 6, 0, 'Head', 'DePaul');
Insert into Coaches Values('Bino', 'Ranson', Null, Null, 'Assistant', 'DePaul');
Insert into Coaches Values('Steve', 'Thomas', Null, Null, 'Assistant', 'DePaul');

Insert into Coaches Values('Dan', 'Hurley', 208, 143, 'Head', 'Connecticut');
Insert into Coaches Values('Kimani', 'Young', Null, Null, 'Assistant', 'Connecticut');
Insert into Coaches Values('Tom', 'Moore', Null, Null, 'Assistant', 'Connecticut');
Insert into Coaches Values('Luke', 'Murray', Null, Null, 'Assistant', 'Connecticut');

Insert into Coaches Values('Greg', 'McDermott', 409, 257, 'Head', 'Creighton');
Insert into Coaches Values('Alan', 'Huss', Null, Null, 'Assistant', 'Creighton');
Insert into Coaches Values('Ryan', 'Miller', Null, Null, 'Assistant', 'Creighton');
Insert into Coaches Values('Jalen', 'Courtney-Williams', Null, Null, 'Assistant', 'Creighton');

Insert into Coaches Values('Ed', 'Cooley', 292, 205, 'Head', 'Providence');
Insert into Coaches Values('Jeff', 'Battle', Null, Null, 'Assistant', 'Providence');
Insert into Coaches Values('Brian', 'Blaney', Null, Null, 'Assistant', 'Providence');

insert into coaches values('Patrick', 'Ewing' , 65,62,'Head','Georgetown');
insert into coaches values('Louis', 'Orr' , null,null,'Assistant','Georgetown');
insert into coaches values('Robert', 'Kirby' , null,null,'Assistant','Georgetown');
insert into coaches values('Akbar', 'Waheed' , null,null,'Assistant','Georgetown');

insert into coaches values('Jay', 'Wright' , 617,276,'Head','Villanova');
insert into coaches values('Kyle', 'Neptune' , null,null,'Assistant','Villanova');
insert into coaches values('George', 'Halcovage' , null,null,'Assistant','Villanova');
insert into coaches values('Mike', 'Nardi' , null,null,'Assistant','Villanova');

insert into coaches values('LaVall', 'Jordan' , 85,82,'Head','Butler');
insert into coaches values('Emerson', 'Kampen' , null,null,'Assistant','Butler');
insert into coaches values('Omar', 'Lowery' , null,null,'Assistant','Butler');
insert into coaches values('Will', 'Vergolio' , null,null,'Assistant','Butler');

insert into coaches values('Kevin', 'Willard' , 255,200,'Head','Seton Hall');
insert into coaches values('Grant', 'Billmeier' , null,null,'Assistant','Seton Hall');
insert into coaches values('Tony', 'Skinn' , null,null,'Assistant','Seton Hall');
insert into coaches values('Duane', 'Woodward' , null,null,'Assistant','Seton Hall');

insert into coaches values('Mike', 'Anderson' , 407,227,'Head','St. Johns');
insert into coaches values('T.J.', 'Cleveland' , null,null,'Assistant','St. Johns');
insert into coaches values('Van', 'Macon' , null,null,'Assistant','St. Johns');
insert into coaches values('Steve', 'DeMeo' , null,null,'Assistant','St. Johns');

insert into coaches values('Travis', 'Steele' , 57,38,'Head','Xavier');
insert into coaches values('Jonas', 'Haynes' , null,null,'Assistant','Xavier');
insert into coaches values('Ben', 'Johnson' , null,null,'Assistant','Xavier');
insert into coaches values('Dante', 'Jackson' , null,null,'Assistant','Xavier');

Insert into Players Values ('Charlie', 'Moore', 'DePaul', 'Stubblefield', 517, 32, 67, 4, 58, 7, .407, .445, .346, .762, 'Guard', 16, 17, 1, 0, 0, 11);
Insert into Players Values ('Javon', 'Freeman-Liberty', 'DePaul', 'Stubblefield', 447, 31.9, 37, 2.6, 74, 5.3, .427, .467, .293, .740, 'Guard', 15, 21, 1.5, 2, 0.1, 4);
Insert into Players Values ('Oscar', 'Lopez', 'DePaul', 'Stubblefield', 74, 18.5, 7, 1.8, 15, 3.8, .615, .682, .250, .500, 'Guard', 4, 1, .25, 3, .75, 15);
Insert into Players Values ('Romeo', 'Weems', 'DePaul', 'Stubblefield', 515, 28.6, 16, .9, 90, 5, .376, .380, .366, .696, 'Forward', 18, 23, 1.3, 11, 0.6, 1);
Insert into Players Values ('Ray', 'Salnave', 'DePaul', 'Stubblefield', 445, 23.4, 25, 1.3, 57, 3, .320, .342, .286, .852, 'Guard', 19, 18, .9, 1, 0.1, 10);
Insert into Players Values ('Kobe', 'Elvis', 'DePaul', 'Stubblefield', 385, 20.3, 36, 1.9, 30, 1.6, .423, .424, .419, .500, 'Guard', 19, 14, .7, 2, 0.1, 3);
Insert into Players Values ('Nick', 'Ongenda', 'DePaul', 'Stubblefield', 313, 28.4, 5, .3, 68, 4, .597, .597, 0, .590, 'Center', 17, 5, .3, 25, 1.5, 14);
Insert into Players Values ('Darious', 'Hall', 'DePaul', 'Stubblefield', 359, 19.9, 18, 1, 83, 4.6, .368, .392, .250, .556, 'Forward', 18, 14, .8, 2, 0.1, 13);
Insert into Players Values ('Courvoisier', 'McCauley', 'DePaul', 'Stubblefield', 201, 11.2, 0, 0, 25, 1.4, .328, .429, .298, .667, 'Guard', 18, 3, .2, 2, .1, 24);
Insert into Players Values ('David', 'Jones', 'DePaul', 'Stubblefield', 129, 14.3, 4, .4, 24, 2.7, .382, .488, .071, .600, 'Foward', 9, 4, .4, 2, .2, 32);
Insert into Players Values ('Keon', 'Edwards', 'DePaul', 'Stubblefield', 39, 7.8, 0, 0, 4, .8, .333, .333, .333, 1, 'Forward', 5, 0, 0, 0, 0, 5);
Insert into Players Values ('Brendan', 'Farve', 'DePaul', 'Stubblefield', 2, .7, 0, 0, 0, 0, 0, 0, 0, 0, 'Guard', 3, 0, 0, 0, 0, 20);
Insert into Players Values ('Jason', 'Malonga', 'DePaul', 'Stubblefield', 0, 0, 0, 0, 0, 0, 0, 0, 0, 0, 'Guard', 1, 0, 0, 0, 0, 12);
Insert into Players Values ('Max', 'Williams', 'DePaul', 'Stubblefield', 2, .7, 0, 0, 0, 0, 0, 0, 0, 0, 'Guard', 3, 0, 0, 0, 0, 30);

Insert into Players Values ('James', 'Bounight', 'Connecticut', 'Hurley', 475, 31.7, 27, 1.8, 85, 5.7, .447, .528, .293, .778, 'Guard', 15, 17, 1.1, 4, 0.3, 2);
Insert into Players Values ('RJ', 'Cole', 'Connecticut', 'Hurley', 715, 31.1, 99, 4.3, 69, 3, .387, .387, .386, .770, 'Guard', 23, 27, 1.2, 0, 0, 1);
Insert into Players Values ('Tyrese', 'Martin', 'Connecticut', 'Hurley', 663, 30.1, 23, 1, 165, 7.5, .440, .483, .320, .672, 'Guard', 22, 22, 1, 12, 0.5, 4);
Insert into Players Values ('Isaiah', 'Whaley', 'Connecticut', 'Hurley', 635, 27.6, 35, 1.5, 142, 6.2, .479, .500, .348, .469, 'Forward', 23, 22, 1, 60, 2.6, 5);
Insert into Players Values ('Tyler', 'Polley', 'Connecticut', 'Hurley', 454, 20.6, 8, .4, 43, 2, .362, .381, .305, .905, 'Forward', 22, 4, .2, 7, 0.3, 12);
Insert into Players Values ('Adam', 'Sanogo', 'Connecticut', 'Hurley', 392, 17, 13, .6, 110, 4.8, .554, .554, 0, .577, 'Forward', 23, 9, .4, 21, 0.9, 21);
Insert into Players Values ('Jalen', 'Gaffney', 'Connecticut', 'Hurley', 446, 19.4, 35, 1.5, 35, 1.5, .410, .448, .362, .822, 'Guard', 23, 18, .8, 3, 0.1, 0);
Insert into Players Values ('Brendan', 'Adams', 'Connecticut', 'Hurley', 321, 20.1, 24, 1.5, 34, 2.1, .299, .310, .289, .724, 'Guard', 16, 9, .6, 1, 0.1, 10);
Insert into Players Values ('Josh', 'Carlton', 'Connecticut', 'Hurley', 214, 11.3, 7, .4, 70, 3.7, .482, .482, 0, .591, 'Forward-Center', 19, 7, .4, 8, 0.4, 25);
Insert into Players Values ('Andre', 'Jackson', 'Connecticut', 'Hurley', 257, 16.1, 25, 1.6, 46, 2.9, .410, .636, .118, .900, 'Guard', 16, 7, .4, 4, 0.3, 44);
Insert into Players Values ('Javonte', 'Brown', 'Connecticut', 'Hurley', 4, 2, 0, 0, 2, 1, 1, 1, 0, 0, 'Forward', 2, 0, 0, 0, 0, 31);
Insert into Players Values ('Akok', 'Akok', 'Connecticut', 'Hurley', 29, 4.1, 1, 0.1, 3, .4, .500, .600, .333, 0, 'Forward', 7, 0, 0, 1, 0.1, 11);
Insert into Players Values ('Richie', 'Springs', 'Connecticut', 'Hurley', 13, 2.6, 0, 0, 5, 1, .667, 1, 0, .500, 'Forward', 5, 0, 0, 0, 0, 13);
Insert into Players Values ('Andrew', 'Hurley', 'Connecticut', 'Hurley', 7, 1.8, 0, 0, 0, 0, 1, 0, 1, 0, 'Guard', 4, 0, 0, 0, 0, 20);

Insert into Players Values ('DJ', 'Carton', 'Marquette', 'Smart', 839, 31.1, 93, 3.4, 110, 4.1, .446, .571, .282, .743, 'Guard', 27, 31, 1.1, 11, 0.4, 21);
Insert into Players Values ('Dawson', 'Garcia', 'Marquette', 'Smart', 802, 29.7, 21, .8, 179, 6.6, .480, .531, .356, .783, 'Forward', 27, 7, .3, 13, 0.5, 33);
Insert into Players Values ('Koby', 'McEwen', 'Marquette', 'Smart', 809, 30, 80, 3, 90, 3.6, .393, .443, .336, .759, 'Guard', 27, 18, .7, 6, 0.2, 25);
Insert into Players Values ('Jamal', 'Cain', 'Marquette', 'Smart', 807, 29.9, 26, 1, 169, 6.3, .442, .520, .343, .722, 'Forward', 27, 24, .9, 7, 0.3, 23);
Insert into Players Values ('Theo', 'John', 'Marquette', 'Smart', 708, 26.2, 33, 1.2, 136, 5, .572, .567, .750, .740, 'Forward', 27, 17, .6, 40, 1.5, 4);
Insert into Players Values ('Justin', 'Lewis', 'Marquette', 'Smart', 441, 21, 16, .8, 113, 5.4, .417, .471, .219, .577, 'Forward', 21, 8, .4, 14, 0.7, 2);
Insert into Players Values ('Greg', 'Elliot', 'Marquette', 'Smart', 489, 18.1, 20, .7, 44, 1.6, .482, .522, .455, .833, 'Guard', 27, 23, .9, 5, 0.2, 5);
Insert into Players Values ('Jose', 'Perez', 'Marquette', 'Smart', 113, 11.3, 4, .4, 7, .7, .323, .357, .294, .600, 'Guard', 10, 0, 0, 2, 0.2, 55);
Insert into Players Values ('Symir', 'Torrence', 'Marquette', 'Smart', 313, 13, 37, 1.5, 33, 1.4, .311, .560, .139, .667, 'Guard', 24, 7, .3, 1, 0, 10);
Insert into Players Values ('Oso', 'Ighodaro', 'Marquette', 'Smart', 38, 7.6, 2, .4, 6, 1.2, .750, .750, 0, 0, 'Forward', 5, 1, .2, 1, 0.2, 13);
Insert into Players Values ('Dexter', 'Akanno', 'Marquette', 'Smart', 63, 5.3, 1, .1, 7, .6, .182, .286, 0, .800, 'Guard', 12, 0, 0, 0, 0, 12);
Insert into Players Values ('Brendan', 'Carney', 'Marquette', 'Smart', 1, 1, 0, 0, 0, 0, 0, 0, 0, 0, 'Guard', 1, 0, 0, 0, 0, 41);
Insert into Players Values ('Luke', 'Fizulich', 'Marquette', 'Smart', 1, 1, 0, 0, 0, 0, 0, 0, 0, 0, 'Guard', 1, 1, 1, 0, 0, 50);
Insert into Players Values ('Michael', 'Kennedy', 'Marquette', 'Smart', 1, 1, 0, 0, 0, 0, 0, 0, 0, 0, 'Forward', 1, 0, 0, 0, 0, 42);

Insert into Players Values ('Marcus', 'Zegarowski', 'Creighton', 'McDermott', 974, 33.6, 125, 4.3, 105, 3.6, .464, .516, .421, .786, 'Guard', 29, 37, 1.3, 2, 0.1, 11);
Insert into Players Values ('Denzel', 'Mahoney', 'Creighton', 'McDermott', 923, 30.8, 51, 1.7, 124, 4.1, .362, .411, .325, .718, 'Guard-Forward', 30, 39, 1.3, 2, 0.1, 34);
Insert into Players Values ('Damien', 'Jefferson', 'Creighton', 'McDermott', 957, 30.9, 75, 2.4, 168, 5.4, .512, .593, .348, .605, 'Forward', 31, 38, 1.2, 8, 0.3, 23);
Insert into Players Values ('Christian', 'Bishop', 'Creighton', 'McDermott', 725, 23.4, 37, 1.2, 197, 6.4, .681, .690, .250, .562, 'Forward', 31, 22, .7, 32, 1, 13);
Insert into Players Values ('Mitchell', 'Ballock', 'Creighton', 'McDermott', 1041, 33.6, 81, 2.6, 99, 3.2, .435, .607, .386, .571, 'Guard', 31, 28, .9, 7, 0.2, 24);
Insert into Players Values ('Ryan', 'Kalkbrenner', 'Creighton', 'McDermott', 427, 13.8, 10, .3, 108, 3.5, .645, .656, 0, .489, 'Center', 31, 6, .2, 38, 1.2, 32);
Insert into Players Values ('Antwann', 'Jones', 'Creighton', 'McDermott', 326, 10.9, 39, 1.3, 67, 2.2, .374, .407, .324, .688, 'Guard', 30, 7, .2, 6, 0.2, 0);
Insert into Players Values ('Alex', 'OConnell', 'Creighton', 'McDermott', 233, 9.7, 11, .5, 53, 2.2, .381, .442, .317, .625, 'Guard', 24, 9, .4, 0, 0, 5);
Insert into Players Values ('Shereef', 'Mitchell', 'Creighton', 'McDermott', 431, 14.4, 46, 1.5, 43, 1.4, .427, .469, .364, .739, 'Guard', 30, 22, .7, 1, 0, 4);
Insert into Players Values ('Jacob', 'Epperson', 'Creighton', 'McDermott', 67, 4.2, 6, .4, 22, 1.4, .333, .333, .333, .375, 'Center', 16, 2, .1, 7, 0.4, 11);
Insert into Players Values ('Sami', 'Osmani', 'Creighton', 'McDermott', 22, 2.4, 0, 0, 3, .3, .333, .600, 0, 0, 'Guard', 9, 1, .1, 0, 0, 14);
Insert into Players Values ('Nic', 'Zeil', 'Creighton', 'McDermott', 27, 2.5, 0, 0, 10, .9, .500, .500, .500, .750, 'Forward', 11, 2, .2, 0, 0, 20);
Insert into Players Values ('Andrew', 'Merfeld', 'Creighton', 'McDermott', 10, 2, 0, 0, 1, .2, .500, 1, 0, 0, 'Guard', 5, 0, 0, 0, 0, 12);
Insert into Players Values ('Devin', 'Davis', 'Creighton', 'McDermott', 16, 1.8, 1, .1, 0, 0, .167, .333, 0, 0, 'Guard', 9, 1, .1, 0, 0, 22);
Insert into Players Values ('Jett', 'Canfield', 'Creighton', 'McDermott', 71, 4.7, 3, 0.2, 1, .1, .250, .500, 0, 0, 'Guard', 15, 2, 0.1, 0, 0, 10);

Insert into Players Values ('Nate', 'Watson', 'Providence', 'Cooley', 840, 32.3, 17, .7, 173, 6.7, .602, .602, 0, .627, 'Center', 26, 9, 1.1, 26, .3, 0);
Insert into Players Values ('David', 'Duke', 'Providence', 'Cooley', 964, 37.1, 124, 4.8, 165, 6.3, .387, .386, .389, .792, 'Guard', 26, 31, 1.2, 7, .3, 3);
Insert into Players Values ('AJ', 'Reeves', 'Providence', 'Cooley', 818, 31.5, 44, 1.7, 98, 3.6, .353, .419, .320, .843, 'Guard', 26, 26, 1, 2, .1, 11);
Insert into Players Values ('Noah', 'Horchler', 'Providence', 'Cooley', 553, 21.3, 12, .5, 147, 5.7, .403, .391, .419, .694, 'Forward', 26, 11, .4, 12, .5, 14);
Insert into Players Values ('Jimmy', 'Nichols', 'Providence', 'Cooley', 269, 16.8, 11, .7, 38, 2.4, .543, .604, .409, .857, 'Forward', 16, 10, .6, 8, .5, 5);
Insert into Players Values ('Jared', 'Bynum', 'Providence', 'Cooley', 457, 26.9, 62, 3.6, 33, 1.9, .313, .429, .119, .676, 'Guard', 17, 17, 1, 1, .1, 4);
Insert into Players Values ('Alyn', 'Breed', 'Providence', 'Cooley', 439, 19.1, 20, .9, 49, 2.1, .406, .484, .265, .730, 'Guard', 23, 10, .4, 2, .1, 10);
Insert into Players Values ('Greg', 'Gantt', 'Providence', 'Cooley', 557, 21.4, 43, 1.7, 81, 3.1, .415, .525, .229, .692, 'Forward', 26, 16, .6, 8, .3, 1);
Insert into Players Values ('Ed', 'Croswell', 'Providence', 'Cooley', 180, 6.9, 4, .2, 49, 1.9, .500, .500, 0, .238, 'Forward', 26, 8, .3, 5, .2, 21);
Insert into Players Values ('Brycen', 'Goodine', 'Providence', 'Cooley', 137, 8.6, 8, .5, 17, 1.1, .286, .300, .278, .556, 'Guard', 16, 8, .5, 4, .3, 12);
Insert into Players Values ('Kris', 'Monroe', 'Providence', 'Cooley', 83, 5.9, 3, .2, 10, .7, .240, .429, .167, .333, 'Forward', 14, 1, .1, 3, .2, 2);
Insert into Players Values ('Andrew', 'Fonts', 'Providence', 'Cooley', 3, 1.5, 0, 0, 0, 0, 0, 0, 0, 0, 'Guard', 2, 0, 0, 0, 0, 24);

Insert into Players Values ('Julian', 'Champagnie', 'St. Johns', 'Anderson', 822, 32.9, 33, 1.3, 184, 7.4, .433, .471, .380, .887, 'Forward', 25, 36, 1.4, 25, 1, 2);
Insert into Players Values ('Posh', 'Alexander', 'St. Johns', 'Anderson', 776, 31, 107, 4.3, 86, 3.4, .454, .515, .299, .725, 'Guard', 25, 65, 2.6, 1, 0, 0);
Insert into Players Values ('Greg', 'Williams', 'St. Johns', 'Anderson', 594, 24.8, 50, 2.1, 51, 2.1, .463, .471, .448, .730, 'Guard', 24, 31, 1.3, 14, .6, 4);
Insert into Players Values ('Rasheem', 'Dunn', 'St. Johns', 'Anderson' ,638, 29, 87, 4, 63, 2.9, .412, .465, .156, .691, 'Guard', 22, 31, 1.4, 1, 0, 3);
Insert into Players Values ('Isaih', 'Moore', 'St. Johns', 'Anderson', 430, 17.2, 20, .8, 121, 4.8, .575, .634, .269, .735, 'Forward', 25, 13, .5, 17, .7, 12);
Insert into Players Values ('Vince', 'Cole', 'St. Johns', 'Anderson', 630, 23.3, 30, 1.1, 69, 2.6, .393, .425, .357, .833, 'Forward', 25, 13, .5, 17, .5, 13);
Insert into Players Values ('Marcellus', 'Earlington', 'St. Johns', 'Anderson', 457, 16.9, 18, .7, 110, 4.1, .424, .439, .403, .571, 'Guard-Forward', 27, 18, .7, 8, .3, 10);
Insert into Players Values ('Dylan', 'Addae-Wusu', 'St. Johns', 'Anderson', 549, 20.3, 64, 2.4, 72, 2.7, .445, .563, .271, .617, 'Guard', 27, 22, .8, 3, .1, 5);
Insert into Players Values ('Josh', 'Roberts', 'St. Johns', 'Anderson', 265, 10.6, 9, .4, 67, 2.7, .644, .644, 0, .778, 'Forward', 25, 6, .2, 19, .8, 1);
Insert into Players Values ('Arnaldo', 'Toro', 'St. Johns', 'Anderson', 188, 9, 9, .4, 38, 1.8, .375, .391, 0, .636, 'Forward', 21, 8, .4, 2, .1, 12);
Insert into Players Values ('David', 'Caraher', 'St. Johns', 'Anderson', 32, 4.6, 3, .4, 3, .4, .286, .500, .200, 0, 'Guard-Foward', 7, 0, 0, 0, 0, 23);
Insert into Players Values ('John', 'McGriff', 'St. Johns', 'Anderson', 92, 5.1, 10, .6, 11, .6, .235, .111, .375, .500, 'Guard', 18, 3, .2, 1, .1, 11);
Insert into Players Values ('Artemios', 'Gavales', 'St. Johns', 'Anderson', 2, .7, 0, 0, 1, .3, 0, 0, 0, 0, 'Guard', 3, 0, 0, 0, 0, 14);

Insert into Players Values ('Zach', 'Freemantle', 'Xavier', 'Steele', 661, 31.5, 30, 1.4, 187, 8.9, .513, .592, .321, .594, 'Forward', 21, 15, .7, 18, .9, 32);
Insert into Players Values ('Paul', 'Scruggs', 'Xavier', 'Steele', 687, 32.7, 85, 4, 119, 5.7, .458, .535, .325, .851, 'Guard', 21, 33, 1.6, 10, .5, 1);
Insert into Players Values ('Nate', 'Johnson', 'Xavier', 'Steele', 504, 31.5, 27, 1.7, 67, 4.2, .429, .383, .452, .800, 'Guard', 16, 19, 1.2, 1, .1, 10);
Insert into Players Values ('Colby', 'Jones', 'Xavier', 'Steele', 417, 27.8, 44, 2.9, 72, 4.8, .464, .526, .333, .757, 'Guard', 15, 19, 1.3, 4, .3, 3);
Insert into Players Values ('Adam', 'Kunkel', 'Xavier', 'Steele', 300, 18.8, 26, 1.6, 20, 1.3, .398, .625, .265, .889, 'Guard', 16, 16, 1, 3, .2, 5);
Insert into Players Values ('Dwon', 'Odom', 'Xavier', 'Steele', 421, 22.2, 56, 2.9, 49, 2.6, .491, .537, .154, .607, 'Guard', 19, 13, .7, 10, .5, 11);
Insert into Players Values ('Kyky', 'Tandy', 'Xavier', 'Steele', 260, 14.4, 20, 1.1, 24, 1.3, .379, .409, .356, .833, 'Guard', 18, 9, .5, 1, .1, 24);
Insert into Players Values ('Ben', 'Stanley', 'Xavier', 'Steele', 38, 9.5, 1, .3, 7, 1.8, .500, .556, 0, .667, 'Forward', 4, 0, 0, 1, .3, 14);
Insert into Players Values ('Jason', 'Carter', 'Xavier', 'Steele', 558, 26.6, 32, 1.5, 125, 6, .377, .500, .182, .550, 'Forward', 21, 14, .7, 15, .7, 25);
Insert into Players Values ('Danny', 'Ramsey', 'Xavier', 'Steele', 4, 4, 0, 0, 2, 2, 1, 1, 0, 0, 'Forward', 1, 0, 0, 0, 0, 2);
Insert into Players Values ('Bryan', 'Griffin', 'Xavier', 'Steele', 198, 11, 5, .3, 70, 3.9, .588, .600, 0, .500, 'Forward', 18, 2, .1, 14, .8, 13);
Insert into Players Values ('CJ', 'Wilcher', 'Xavier', 'Steele', 150, 10, 5, .3, 16, 1.1, .400, .500, .345, 1, 'Guard', 15, 5, .3, 1, .1, 0);
Insert into Players Values ('Dieonte', 'Miles', 'Xavier', 'Steele', 52, 6.5, 4, .5, 10, 1.3, .714, .769, 0, .250, 'Forward', 8, 0, 0, 7, .9, 22);

insert into players values('Jahvon','Blair','Georgetown','Ewing',384,15.4,90,3.6,90,3.6,.393,.449,.351,.849,'Guard',25,18,0.7,1,0.0,0);
insert into players values('Qudus','Wahab','Georgetown','Ewing',330,12.7,5,0.4,213,8.2,.591,.591,.00,.673,'Center',26,10,0.4,10,1.6,34);
insert into players values('Jamorko','Pickett','Georgetown','Ewing',318,12.2,54,2.1,186,7.2,.385,.393,.373,.827,'Guard',26,27,7.2,15,0.6,1);
insert into players values('Chudier','Bile','Georgetown','Ewing',254,10.2,21,0.8,125,5.0,.407,.419,.394,.688,'Forward',25,26,0.1,21,0.8,4);
insert into players values('Donald','Carey','Georgetown','Ewing',208,8.0,44,1.7,79,3.0,.467,.492,.449,.875,'Forward',26,26,1.0,0,0.0,23);
insert into players values('Dante','Harris','Georgetown','Ewing',207,8.0,82,3.2,89,3.4,.349,.397,.260,.897,'Guard',26,30,1.2,1,0.0,2);
insert into players values('Timothy','Ighoefe','Georgetown','Ewing',60,2.5,0,0.0,76,3.2,.442,.442,.00,.667,'Center',24,3,0.1,16,0.7,5);
insert into players values('Jamari','Sibley','Georgetown','Ewing',25,1.2,0,0.0,19,0.9,.476,.533,.333,.500,'Forward',21,2,0.1,2,0.1,14);
insert into players values('Jalen','Harris','Georgetown','Ewing',24,4.8,26,5.2,18,3.6,.250,.176,.364,.750,'Guard',5,3,0.6,0,0.0,3);
insert into players values('T.J.','Berger','Georgetown','Ewing',21,0.5,7,0.5,7,0.5,.467,.500,.462,.333,'Guard',15,3,0.2,1,0.1,20);
insert into players values('Collin','Holloway','Georgetown','Ewing',15,1.5,1,0.1,7,0.7,.545,.600,.000,.429,'Forward',10,2,0.7,0,0.0,23);
insert into players values('Kobe','Clark','Georgetown','Ewing',6,0.6,3,0.3,7,1.6,.182,.250,.000,.667,'Forward',10,2,0.2,0,0.0,24);
insert into players values('Malcolm','Wilson','Georgetown','Ewing',5,0.4,0,0.0,14,1.2,1.00,1.00,.00,.333,'Guard',12,1,0.7,3,0.3,32);

insert into players values('Jeremiah','Robinson-Earl','Villanova','Wright' ,393,15.7,55,2.2,212,8.5,.497,.574,.280,.714,'Forward',25,24,1.0,16,0.6,24);
insert into players values('Justin', 'Moore','Villanova','Wright',322,12.9,74,4.6,103,3.3,.441,.559,.310,.778,'Guard',25,16,1.0,9,0.0,5);
insert into players values('Jermaine','Samuels','Villanova','Wright',301,12.0,62,2.5,159,6.4,.481,.537,.371,.828,'Forward',25,14,.6,7,.3,23);
insert into players values('Collin','Gillespie','Villanova','Wright',279,14.0,92,4.6,65,3.3,.428,.485,.379,.833,'Guard',20,19,1.0,0,0.0,2);
insert into players values('Caleb','Daniels','Villanova','Wright',240,9.6,30,1.2,54,2.2,.414,.455,.386,.792,'Guard',25,10,0.4,1,0.0,14);
insert into players values('Cole','Swider','Villanova','Wright',142,5.7,27,1.1,69,2.8,.426,.500,.402,.750,'Forward',25,13,0.5,2,0.1,10);
insert into players values('Brandon','Slater','Villanova','Wright',94,3.8,12,.5,54,2.2,.493,.535,.417,.600,'Forward',25,19,.8,6,.2,3);
insert into players values('Eric','Dixon','Villanova','Wright',64,3.0,6,.3,33,1.6,.467,.514,.250,.645,'Forward',21,4,.2,6,.3,43);
insert into players values('Bryan','Antione','Villanova','Wright',23,2.3,7,0.7,12,.12,.412,.500,.384,.800,'Guard',10,5,0.5,0,0.0,1);
insert into players values('Chris','Arcidiacono','Villanova','Wright',12,0.9,8,.6,13,1.0,.250,.00,.250,.600,'Guard',13,2,.2,0,0.0,4);
insert into players values('Trey','Patterson','Villanova','Wright',0,0.0,1,.5,0,.00,0.00,0.00,0.00,0.00,'Forward',2,1,0.5,0,0.0,12);

insert into players values('Chuck','Harris','Butler','Jordan',310,12.9,54,2.3,71,3.0,.401,.399,.403,.836,'Guard',24,24,1.0,2,.1,3);
insert into players values('Bryce','Nze','Butler','Jordan',262,11.4,48,2.1,77,7.7,.345,.354,.341,.732,'Forward',25,17,.6,5,.6,10);
insert into players values('Jair' ,'Bolden','Butler','Jordan',263,10.5,23,.9,87,3.5,.488,.500,.442,.471,'Guard',23,13,.7,13,.2,52);
insert into players values('Bryce' ,'Golden','Butler','Jordan',249,10.4,19,.8,112,4.7,.473,.536,.205,.789,'Forward',24,15,.6,6,.3,33);
insert into players values('Myles' ,'Tate','Butler','Jordan',168,8.2,58,2.3,63,2.5,.324,.427,.231,.729,'Guard',25,29,1.1,5,.2,12);
insert into players values('Aaron' ,'Thompson','Butler','Jordan',146,6.7,66,4.7,35,2.5,.518,.533,.200,.527,'Guard',14,16,.9,3,.8,2);
insert into players values( 'Bo' ,'Hodges','Butler','Jordan',74,6.3,21,4.7,54,6.0,.342,.346,.333,.458,'Guard',9,8,1.2,7,.2,1);
insert into players values('Myles' ,'Wilmoth','Butler','Jordan',41,1.8,6,2.6,62,2.6,.395,.524,.235,.538,'Forward',24,9,.3,5,.5,5);
insert into players values('JaKobe' ,'Coles','Butler','Jordan',38,1.7,2,.3,20,3.3,.636,.800,.286,.667,'Forward',6,2,.1,3,.0,21);
insert into players values('Christian' ,'David','Butler','Jordan',20,1.0,5,.5,9,0.8,.359,.500,.333,.00,'Forward',11,1,.4,0,.2,25);
insert into players values('John-Michael' ,'Mulloy','Butler','Jordan',3,.8,1,.2,18,1.0,.600,.600,0.00,0.250,'Center',18,2,0.0,1,.0,35);
insert into players values('Markeese' ,'Hastings','Butler','Jordan',2,.5,1,.3,16,2.0,.077,.250,.000,1.00,'Forward',8,2,.3,1,.0,24);
insert into players values('Campbell' ,'Donovan','Butler','Jordan',1,.4,2,.3,1,0.3,.200,.000,.333,.000,'Guard',4,1,.3,0,.1,0);
insert into players values('Mike' ,'Parker','Butler','Jordan',0,1.0,0,0.0,0,0.0,.333,.000,.333,.000,'Forward',3,0,.1,0,.1,30);

insert into players values('Sandro', 'Mamukelashvili','Seton Hall','Willard',473,17.5,87,3.2,204,7.6,.434,.481,.336,.714,'Forward',27,29,1.1,15,0.6,23);
insert into players values('Jared', 'Rhoden','Seton Hall','Willard',402,14.9,51,1.9,140,6.7,.429,.508,.303,.833,'Forward',27,32,1.2,11,0.4,14);
insert into players values('Myles' ,'Cale','Seton Hall','Willard',313,11.6,24,0.9,76,3.6,.448,.523,.369,.724,'Guard',27,27,1.0,2,0.1,22);
insert into players values('Shavar', 'Reynolds','Seton Hall','Willard',209,7.7,113,4.2,53,2.6,.446,.485,.379,.825,'Guard',27,48,1.8,1,0.0,33);
insert into players values('Tyrese' ,'Samuel','Seton Hall','Willard',145,5.7,15,1.5,56,0.9,.559,.690,.325,.308,'Forward',27,10,0.4,9,0.0,4);
insert into players values('Takal', 'Molson','Seton Hall','Willard',144,5.4,23,0.6,54,3.3,.356,.421,.200,.702,'Guard',27,14,0.4,3,0.3,15);
insert into players values('Ike' ,'Obiagu','Seton Hall','Willard',131,5.3,6,0.9,69,2.9,.697,.697,.00,.619,'Center',27,0,0.5,77,0.1,21);
insert into players values('Bryce' ,'Aiken','Seton Hall','Willard',80,4.9,21,0.2,13,4.5,.319,.371,.270,.889,'Guard',14,5,0.0,0,2.9,1);
insert into players values('Jahari' ,'Long','Seton Hall','Willard',19,1.3,6,0.0,10,1.3,.316,.364,.250,1.00,'Guard',19,2,0.3,0,0.0,25);
insert into players values('Tray' ,'Jackson','Seton Hall','Willard',4,1.0,0,0.3,1,0.6,.250,1.00,.000,1.00,'Forward',3,1,0.1,0,0.0,2);
insert into players values('Dimingus' ,'Stevens','Seton Hall','Willard',4,0.7,0,0.0,1,0.2,.200,.000,.200,.500,'Guard',6,1,0.2,0,0.0,0);
insert into players values('Sylwester', 'Granda','Seton Hall','Willard',0,0.0,1,0.2,0,0.0,.00,.000,.000,.00,'Guard',5,1,0.2,0,0.0,30);
